original_query,misspelled_query
Topic,Topik
Topic,Toppic
Topic,ToptiC
Topic,Tpoic
Topic,Topic
Map Search,Mape Searsh
Map Search,Maep Serach
Map Search,Maps Sherch
Map Search,Map Seerch
Map Search,Mapesearch
Map Search,Mape Searsh
Map Search,Maep Serach
Map Search,Maps Sherch
Map Search,Map Seerch
Map Search,Mapesearch
Map Search,Mape Searsh
Map Search,Maep Serach
Map Search,Maps Sherch
Map Search,Map Seerch
Map Search,Mapesearch
Map Search,Mape Searsh
Map Search,Maep Serach
Map Search,Maps Sherch
Map Search,Map Seerch
Map Search,Mapesearch
Map Search,Mape Searsh
Map Search,Maep Serach
Map Search,Maps Sherch
Map Search,Map Seerch
Map Search,Mapesearch
Job Search,Jobe Search
Job Search,Job Searsh
Job Search,Jobj Search
Job Search,Job Searech
Job Search,Jobs Serach
Job Search,Jobe Search
Job Search,Job Searsh
Job Search,Jobj Search
Job Search,Job Searech
Job Search,Jobs Serach
Job Search,Jobe Search
Job Search,Job Searsh
Job Search,Jobj Search
Job Search,Job Searech
Job Search,Jobs Serach
Job Search,Jobe Search
Job Search,Job Searsh
Job Search,Jobj Search
Job Search,Job Searech
Job Search,Jobs Serach
Job Search,Jobe Search
Job Search,Job Searsh
Job Search,Jobj Search
Job Search,Job Searech
Job Search,Jobs Serach
Flight Search,Flite Search
Flight Search,Fliight Searsh
Flight Search,Flayt Serch
Flight Search,Felight Sarceh
Flight Search,FlighT Seearch
Flight Search,Flite Search
Flight Search,Fliight Searsh
Flight Search,Flayt Serch
Flight Search,Felight Sarceh
Flight Search,FlighT Seearch
Flight Search,Flite Search
Flight Search,Fliight Searsh
Flight Search,Flayt Serch
Flight Search,Felight Sarceh
Flight Search,FlighT Seearch
Flight Search,Flite Search
Flight Search,Fliight Searsh
Flight Search,Flayt Serch
Flight Search,Felight Sarceh
Flight Search,FlighT Seearch
Flight Search,Flite Search
Flight Search,Fliight Searsh
Flight Search,Flayt Serch
Flight Search,Felight Sarceh
Flight Search,FlighT Seearch
E-commerce,e commrec
E-commerce,ecommerse
E-commerce,ecommerece
E-commerce,ecommeric
E-commerce,eccomerce
E-commerce,e commrec
E-commerce,ecommerse
E-commerce,ecommerece
E-commerce,ecommeric
E-commerce,eccomerce
E-commerce,e commrec
E-commerce,ecommerse
E-commerce,ecommerece
E-commerce,ecommeric
E-commerce,eccomerce
E-commerce,e commrec
E-commerce,ecommerse
E-commerce,ecommerece
E-commerce,ecommeric
E-commerce,eccomerce
E-commerce,e commrec
E-commerce,ecommerse
E-commerce,ecommerece
E-commerce,ecommeric
E-commerce,eccomerce
Health and Fitness,Haelth and Fittness
Health and Fitness,Healt and Fitnes
Health and Fitness,Helth and Fitis
Health and Fitness,Heatlth and Fisness
Health and Fitness,Halthe and Fitns
Health and Fitness,Haelth and Fittness
Health and Fitness,Healt and Fitnes
Health and Fitness,Helth and Fitis
Health and Fitness,Heatlth and Fisness
Health and Fitness,Halthe and Fitns
Health and Fitness,Haelth and Fittness
Health and Fitness,Healt and Fitnes
Health and Fitness,Helth and Fitis
Health and Fitness,Heatlth and Fisness
Health and Fitness,Halthe and Fitns
Health and Fitness,Haelth and Fittness
Health and Fitness,Healt and Fitnes
Health and Fitness,Helth and Fitis
Health and Fitness,Heatlth and Fisness
Health and Fitness,Halthe and Fitns
Health and Fitness,Haelth and Fittness
Health and Fitness,Healt and Fitnes
Health and Fitness,Helth and Fitis
Health and Fitness,Heatlth and Fisness
Health and Fitness,Halthe and Fitns
Entertainment and Media,Enterntainment and Medea
Entertainment and Media,Entirtainment aned Mediia
Entertainment and Media,Entertainment nad Medina
Entertainment and Media,Entertainmnt and Medea
Entertainment and Media,Entertaingment and Mediaa
Entertainment and Media,Enterntainment and Medea
Entertainment and Media,Entirtainment aned Mediia
Entertainment and Media,Entertainment nad Medina
Entertainment and Media,Entertainmnt and Medea
Entertainment and Media,Entertaingment and Mediaa
Entertainment and Media,Enterntainment and Medea
Entertainment and Media,Entirtainment aned Mediia
Entertainment and Media,Entertainment nad Medina
Entertainment and Media,Entertainmnt and Medea
Entertainment and Media,Entertaingment and Mediaa
Entertainment and Media,Enterntainment and Medea
Entertainment and Media,Entirtainment aned Mediia
Entertainment and Media,Entertainment nad Medina
Entertainment and Media,Entertainmnt and Medea
Entertainment and Media,Entertaingment and Mediaa
Entertainment and Media,Enterntainment and Medea
Entertainment and Media,Entirtainment aned Mediia
Entertainment and Media,Entertainment nad Medina
Entertainment and Media,Entertainmnt and Medea
Entertainment and Media,Entertaingment and Mediaa
Travel and Tourism,Travil and Tourisem
Travel and Tourism,Traval and Touirism
Travel and Tourism,Travelin and Tourizim
Travel and Tourism,Travle and Touirstum
Travel and Tourism,Travvel and Touroim
Travel and Tourism,Travil and Tourisem
Travel and Tourism,Traval and Touirism
Travel and Tourism,Travelin and Tourizim
Travel and Tourism,Travle and Touirstum
Travel and Tourism,Travvel and Touroim
Travel and Tourism,Travil and Tourisem
Travel and Tourism,Traval and Touirism
Travel and Tourism,Travelin and Tourizim
Travel and Tourism,Travle and Touirstum
Travel and Tourism,Travvel and Touroim
Travel and Tourism,Travil and Tourisem
Travel and Tourism,Traval and Touirism
Travel and Tourism,Travelin and Tourizim
Travel and Tourism,Travle and Touirstum
Travel and Tourism,Travvel and Touroim
Travel and Tourism,Travil and Tourisem
Travel and Tourism,Traval and Touirism
Travel and Tourism,Travelin and Tourizim
Travel and Tourism,Travle and Touirstum
Travel and Tourism,Travvel and Touroim
General Knowledge and Learning,Genral Knowldge And Lerning
General Knowledge and Learning,Generall Knolwedge And Learnng
General Knowledge and Learning,Gernal Knowlege And Learining
General Knowledge and Learning,General Knoleledge And Leaning
General Knowledge and Learning,Genereal Knowlage And Leraning
General Knowledge and Learning,Genral Knowldge And Lerning
General Knowledge and Learning,Generall Knolwedge And Learnng
General Knowledge and Learning,Gernal Knowlege And Learining
General Knowledge and Learning,General Knoleledge And Leaning
General Knowledge and Learning,Genereal Knowlage And Leraning
General Knowledge and Learning,Genral Knowldge And Lerning
General Knowledge and Learning,Generall Knolwedge And Learnng
General Knowledge and Learning,Gernal Knowlege And Learining
General Knowledge and Learning,General Knoleledge And Leaning
General Knowledge and Learning,Genereal Knowlage And Leraning
General Knowledge and Learning,Genral Knowldge And Lerning
General Knowledge and Learning,Generall Knolwedge And Learnng
General Knowledge and Learning,Gernal Knowlege And Learining
General Knowledge and Learning,General Knoleledge And Leaning
General Knowledge and Learning,Genereal Knowlage And Leraning
General Knowledge and Learning,Genral Knowldge And Lerning
General Knowledge and Learning,Generall Knolwedge And Learnng
General Knowledge and Learning,Gernal Knowlege And Learining
General Knowledge and Learning,General Knoleledge And Leaning
General Knowledge and Learning,Genereal Knowlage And Leraning
Local Services,Locals Ervice
Local Services,Lcoal Servises
Local Services,Locil Servies
Local Services,Locsl Services
Local Services,Local Srivices
Local Services,Locals Ervice
Local Services,Lcoal Servises
Local Services,Locil Servies
Local Services,Locsl Services
Local Services,Local Srivices
Local Services,Locals Ervice
Local Services,Lcoal Servises
Local Services,Locil Servies
Local Services,Locsl Services
Local Services,Local Srivices
Local Services,Locals Ervice
Local Services,Lcoal Servises
Local Services,Locil Servies
Local Services,Locsl Services
Local Services,Local Srivices
Local Services,Locals Ervice
Local Services,Lcoal Servises
Local Services,Locil Servies
Local Services,Locsl Services
Local Services,Local Srivices
